source_database,data_bot_id,data_probeset_id,data_signal
actinidia_bud_development,Apr,Acc00001.1,11.1007
actinidia_bud_development,Aug,Acc00001.1,10.15
actinidia_bud_development,Dec,Acc00001.1,8.97473
actinidia_bud_development,Feb,Acc00001.1,10.6264
actinidia_bud_development,Jan,Acc00001.1,10.8121
actinidia_flower_fruit_development,Flower,Acc00001.1,8.43207
actinidia_flower_fruit_development,Flower_bud,Acc00001.1,5.24985
actinidia_flower_fruit_development,Fruit_147_DAA,Acc00001.1,5.93482
actinidia_flower_fruit_development,Fruit_166_DAA,Acc00001.1,5.74224
actinidia_flower_fruit_development,Fruit_182_DAA,Acc00001.1,5.02367
actinidia_postharvest,Fruit_147_DAA,Acc00001.1,5.93482
actinidia_postharvest,Fruit_166_DAA,Acc00001.1,5.74224
actinidia_postharvest,Fruit_182_DAA,Acc00001.1,5.02367
actinidia_postharvest,Fruit_224_DAA,Acc00001.1,5.45331
actinidia_postharvest,Fruit_231_DAA,Acc00001.1,3.79276
actinidia_vegetative_growth,cane,Acc00001.1,6.04081
actinidia_vegetative_growth,Leaf_sink,Acc00001.1,5.51352
actinidia_vegetative_growth,Leaf_source,Acc00001.1,7.20821
actinidia_vegetative_growth,Root,Acc00001.1,3.88895
actinidia_vegetative_growth,Shoot,Acc00001.1,4.85928
affydb,bot0004,AFFX-BioB-5_at,216.1
affydb,bot0004,AFFX-BioB-M_at,346.9
affydb,bot0004,AFFX-BioB-3_at,230.1
affydb,bot0004,AFFX-BioC-5_at,595.6
affydb,bot0004,AFFX-BioC-3_at,343.7
apple,Med_CTRL,MfusH1_01g00002,0.0
apple,R1_1,MfusH1_01g00002,0.0
apple,R1_2,MfusH1_01g00002,0.0
apple,R1_3,MfusH1_01g00002,0.0
apple,R10_1,MfusH1_01g00002,0.0
arabidopsis_ecotypes,ATGE_111_A,244901_at,33.4
arabidopsis_ecotypes,ATGE_111_B,244901_at,28.25
arabidopsis_ecotypes,ATGE_111_C,244901_at,16.65
arabidopsis_ecotypes,ATGE_112_A,244901_at,11.55
arabidopsis_ecotypes,ATGE_112_C,244901_at,19.4
arachis,Aerial_Gynophore_Tip,Adur10000_comp0_c0_seq1,2.36
arachis,Aerial_Gynophore_Tip,Adur10000_comp0_c0_seq1,4.9
arachis,Aerial_Gynophore_Tip,Adur10000_comp0_c0_seq1,5.18
arachis,Androecium,Adur10000_comp0_c0_seq1,0.0
arachis,Androecium,Adur10000_comp0_c0_seq1,0.43
atgenexp,ATGE_100_A,244901_at,142.274
atgenexp,ATGE_100_B,244901_at,159.463
atgenexp,ATGE_100_C,244901_at,138.535
atgenexp,ATGE_101_A,244901_at,102.643
atgenexp,ATGE_101_B,244901_at,109.187
atgenexp_hormone,NO.10,244901_at,20.27
atgenexp_hormone,NO.11,244901_at,18.11
atgenexp_hormone,NO.12,244901_at,16.35
atgenexp_hormone,NO.13,244901_at,15.48
atgenexp_hormone,NO.14,244901_at,12.95
atgenexp_pathogen,AtGen_A-9_22-1_REP1_ATH1,,0.0
atgenexp_pathogen,AtGen_A-9_22-1_REP1_ATH1,,0.0
atgenexp_pathogen,AtGen_A-9_22-1_REP1_ATH1,,0.0
atgenexp_pathogen,AtGen_A-9_22-1_REP1_ATH1,,0.0
atgenexp_pathogen,AtGen_A-9_22-1_REP1_ATH1,,0.0
atgenexp_plus,839-JO,244901_at,13.745
atgenexp_plus,840-JO,244901_at,16.329
atgenexp_plus,841-JO,244901_at,21.108
atgenexp_plus,842-JO,244901_at,26.163
atgenexp_plus,872-JO,244901_at,44.325
atgenexp_stress,AtGen_6_0011,244901_at,34.51
atgenexp_stress,AtGen_6_0012,244901_at,41.19
atgenexp_stress,AtGen_6_0021,244901_at,19.5
atgenexp_stress,AtGen_6_0022,244901_at,17.39
atgenexp_stress,AtGen_6_0111,244901_at,32.08
barley_mas,Awn_Rep1,1200459_Reg_88-1740_at,31.8359
barley_mas,Awn_Rep1,1200459_Reg_88-1740_at,31.8359
barley_mas,Awn_Rep1,1200459_Reg_88-1740_at,31.8359
barley_mas,Awn_Rep1,1200459_Reg_88-1740_at,31.8359
barley_mas,Awn_Rep1,1200459_Reg_88-1740_at,31.8359
barley_rma,Awn_Rep1,1200459_Reg_88-1740_at,2.08873
barley_rma,Awn_Rep2,1200459_Reg_88-1740_at,2.08873
barley_rma,Awn_Rep3,1200459_Reg_88-1740_at,2.08873
barley_rma,BARLEY_CTRL,1200459_Reg_88-1740_at,2.04558
barley_rma,BARLEY_CTRL,1200459_Reg_88-1740_at,2.08873
barley_seed,EMB_16_1,HORVU.MOREX.r3.1HG0000010.1,52.6119
barley_seed,EMB08_1,HORVU.MOREX.r3.1HG0000010.1,47.8535
barley_seed,EMB08_2,HORVU.MOREX.r3.1HG0000010.1,49.3076
barley_seed,EMB08_3,HORVU.MOREX.r3.1HG0000010.1,51.7359
barley_seed,EMB16_2,HORVU.MOREX.r3.1HG0000010.1,50.0169
barley_spike_meristem,AP_CS_1_tpm,HORVU0Hr1G000010,0.0
barley_spike_meristem,AP_CS_2_tpm,HORVU0Hr1G000010,0.0
barley_spike_meristem,AP_CS_3_tpm,HORVU0Hr1G000010,0.0
barley_spike_meristem,AP_CS_4_tpm,HORVU0Hr1G000010,0.0
barley_spike_meristem,AP_CS_stress_1_tpm,HORVU0Hr1G000010,0.0
barley_spike_meristem_v3,AP_CS_1_tpm,HORVU.MOREX.r3.1HG0000010.1,54.8252
barley_spike_meristem_v3,AP_CS_2_tpm,HORVU.MOREX.r3.1HG0000010.1,40.9699
barley_spike_meristem_v3,AP_CS_3_tpm,HORVU.MOREX.r3.1HG0000010.1,35.4465
barley_spike_meristem_v3,AP_CS_4_tpm,HORVU.MOREX.r3.1HG0000010.1,25.5912
barley_spike_meristem_v3,AP_CS_stress_1_tpm,HORVU.MOREX.r3.1HG0000010.1,39.4087
brachypodium,I:_De-etiolated_shoots_3_DAG_1,Bradi0007s00210.2,5509.7
brachypodium,I:_De-etiolated_shoots_3_DAG_2,Bradi0007s00210.2,5232.5
brachypodium,I:_De-etiolated_shoots_3_DAG_3,Bradi0007s00210.2,5576.2
brachypodium,I:_Etiolated_shoots_3_DAG_1,Bradi0007s00210.2,5259.0
brachypodium,I:_Etiolated_shoots_3_DAG_2,Bradi0007s00210.2,5037.4
brachypodium_Bd21,anther,Bradi0012s00100.1,4.0
brachypodium_Bd21,early_inflorescence,Bradi0012s00100.1,24.0
brachypodium_Bd21,emerging_inflorescence,Bradi0012s00100.1,14.0
brachypodium_Bd21,endosperm,Bradi0012s00100.1,7.0
brachypodium_Bd21,leaf,Bradi0012s00100.1,2.0
brachypodium_embryogenesis,Leaf_early_embryo,BRADI0007S00200.2,1.0
brachypodium_embryogenesis,Leaf_early_stage_seed_coat,BRADI0007S00200.2,1.0
brachypodium_embryogenesis,Leaf_late_embryo,BRADI0007S00200.2,0.0
brachypodium_embryogenesis,Leaf_late_stage_endosperm,BRADI0007S00200.2,1.0
brachypodium_embryogenesis,Leaf_middle_embryo,BRADI0007S00200.2,0.0
brachypodium_grains,full.length.grains,Bradi0012s00100.1,0.6
brachypodium_grains,germinating.grains,Bradi0012s00100.1,0.8
brachypodium_grains,mature.grains,Bradi0012s00100.1,2.0
brachypodium_grains,mature.grains.without.embryo,Bradi0012s00100.1,0.9
brachypodium_grains,Med_CTRL,Bradi0012s00100.1,0.85
brachypodium_metabolites_map,Hydro.NoCop.Leaf_1-positive,Azoles,12.6552
brachypodium_metabolites_map,Hydro.NoCop.Leaf_2-positive,Azoles,12.2734
brachypodium_metabolites_map,Hydro.NoCop.Leaf_3-positive,Azoles,12.1655
brachypodium_metabolites_map,Hydro.NoCop.Leaf_4-positive,Azoles,11.9562
brachypodium_metabolites_map,Hydro.NoCop.Leaf_5-positive,Azoles,12.3035
brachypodium_photo_thermocycle,LDHC01,Bradi0012s00100.1,27759.6
brachypodium_photo_thermocycle,LDHC02,Bradi0012s00100.1,31001.9
brachypodium_photo_thermocycle,LDHC03,Bradi0012s00100.1,93.0615
brachypodium_photo_thermocycle,LDHC04,Bradi0012s00100.1,30390.4
brachypodium_photo_thermocycle,LDHC05,Bradi0012s00100.1,21596.8
brassica_rapa,E1,BraA01g000010,0.0
brassica_rapa,E2,BraA01g000010,0.953664
brassica_rapa,E3,BraA01g000010,0.753321
brassica_rapa,E4,BraA01g000010,0.0
brassica_rapa,E5,BraA01g000010,0.945924
cacao_developmental_atlas,CGA-AX_R1,CCN-51_Chr0v1_20098,0.0
cacao_developmental_atlas,CGA-AX_R1,CCN-51_Chr0v1_20098,0.0
cacao_developmental_atlas,CGA-AX_R2,CCN-51_Chr0v1_20098,0.0
cacao_developmental_atlas,CGA-AX_R2,CCN-51_Chr0v1_20098,0.0
cacao_developmental_atlas,CGA-AX_R3,CCN-51_Chr0v1_20098,0.195992
cacao_developmental_atlas_sca,CGA-AX_R1,SCA-6_Chr0v1_28287,0.172365
cacao_developmental_atlas_sca,CGA-AX_R2,SCA-6_Chr0v1_28287,0.0
cacao_developmental_atlas_sca,CGA-AX_R3,SCA-6_Chr0v1_28287,0.181978
cacao_developmental_atlas_sca,CGA-AX_R4,SCA-6_Chr0v1_28287,0.0
cacao_developmental_atlas_sca,CGA-AX_R5,SCA-6_Chr0v1_28287,0.0
cacao_drought_diurnal_atlas,DD-DTA-T1_R1,CCN-51_Chr0v1_20098,0.0
cacao_drought_diurnal_atlas,DD-DTA-T1_R2,CCN-51_Chr0v1_20098,0.0
cacao_drought_diurnal_atlas,DD-DTA-T1_R3,CCN-51_Chr0v1_20098,0.0
cacao_drought_diurnal_atlas,DD-DTA-T2_R1,CCN-51_Chr0v1_20098,0.0
cacao_drought_diurnal_atlas,DD-DTA-T2_R2,CCN-51_Chr0v1_20098,0.0
cacao_drought_diurnal_atlas_sca,DD-DTA-T1_R1,SCA-6_Chr0v1_28287,0.0
cacao_drought_diurnal_atlas_sca,DD-DTA-T1_R2,SCA-6_Chr0v1_28287,0.0
cacao_drought_diurnal_atlas_sca,DD-DTA-T1_R3,SCA-6_Chr0v1_28287,0.0
cacao_drought_diurnal_atlas_sca,DD-DTA-T2_R1,SCA-6_Chr0v1_28287,0.0
cacao_drought_diurnal_atlas_sca,DD-DTA-T2_R2,SCA-6_Chr0v1_28287,0.0
cacao_infection,basal_N432_rep4,Tc01v2_g000010,112.001
cacao_infection,basal_NA32_rep1,Tc01v2_g000010,118.95
cacao_infection,basal_NA32_rep2,Tc01v2_g000010,139.496
cacao_infection,basal_NA32_rep3,Tc01v2_g000010,116.005
cacao_infection,basal_NA32_rep5,Tc01v2_g000010,95.823
cacao_leaf,ICS1_AB_1,Tc01v2_g000010,134.232
cacao_leaf,ICS1_AB_2,Tc01v2_g000010,144.804
cacao_leaf,ICS1_AB_3,Tc01v2_g000010,119.632
cacao_leaf,ICS1_AB_4,Tc01v2_g000010,133.945
cacao_leaf,ICS1_AB_5,Tc01v2_g000010,134.053
cacao_meristem_atlas_sca,MA-OTA-Sca6-S1_R1,SCA-6_Chr0v1_28287,0.0
cacao_meristem_atlas_sca,MA-OTA-Sca6-S1_R2,SCA-6_Chr0v1_28287,0.0
cacao_meristem_atlas_sca,MA-OTA-Sca6-S1_R3,SCA-6_Chr0v1_28287,0.206548
cacao_meristem_atlas_sca,MA-OTA-Sca6-S2_R1,SCA-6_Chr0v1_28287,0.0
cacao_meristem_atlas_sca,MA-OTA-Sca6-S2_R2,SCA-6_Chr0v1_28287,0.0
cacao_seed_atlas_sca,CGA-SE-LS-E_R1,SCA-6_Chr0v1_28287,0.0
cacao_seed_atlas_sca,CGA-SE-LS-E_R2,SCA-6_Chr0v1_28287,0.0
cacao_seed_atlas_sca,CGA-SE-LS-E_R3,SCA-6_Chr0v1_28287,0.0
cacao_seed_atlas_sca,CGA-SE-LS-E_R4,SCA-6_Chr0v1_28287,0.0
cacao_seed_atlas_sca,CGA-SE-LS-E_R5,SCA-6_Chr0v1_28287,0.0
camelina,cotyledon_1,Csa00382s010.1,0.0
camelina,cotyledon_1,Csa00382s020.1,7.55676
camelina,cotyledon_1,Csa00382s030.1,0.0
camelina,cotyledon_1,Csa00382s040.1,1.07499
camelina,cotyledon_1,Csa00382s050.1,0.204063
camelina_tpm,cotyledon_1,Csa00382s010.1,0.0
camelina_tpm,cotyledon_1,Csa00382s020.1,9.356
camelina_tpm,cotyledon_1,Csa00382s030.1,0.0
camelina_tpm,cotyledon_1,Csa00382s040.1,1.037
camelina_tpm,cotyledon_1,Csa00382s050.1,0.126
cannabis,Med_CTRL,AGQN03000001,1.49081
cannabis,PK-EFLW,AGQN03000001,1.14485
cannabis,PK-MFLW,AGQN03000001,1.73036
cannabis,PK-PFLW,AGQN03000001,1.27044
cannabis,PK-RT,AGQN03000001,1.71118
canola,"Embryo_hypocotyl,_18_DAF_rep_1",BoBC_0813g00001.01V4,292.6
canola,"Embryo_hypocotyl,_18_DAF_rep_2",BoBC_0813g00001.01V4,292.14
canola,Embryo_hypocotyl_24_DAF_rep_2,BoBC_0813g00001.01V4,292.55
canola,Embryo_hypocotyl_28_DAF_rep_1,BoBC_0813g00001.01V4,292.34
canola,Embryo_hypocotyl_28_DAF_rep_2,BoBC_0813g00001.01V4,292.47
canola_original,"Embryo_hypocotyl,_18_DAF_rep_1",BoBC_0813g00001.01V4,1.36e-06
canola_original,"Embryo_hypocotyl,_18_DAF_rep_2",BoBC_0813g00001.01V4,4.83e-07
canola_original,Embryo_hypocotyl_24_DAF_rep_2,BoBC_0813g00001.01V4,1.23e-06
canola_original,Embryo_hypocotyl_28_DAF_rep_1,BoBC_0813g00001.01V4,7.62e-07
canola_original,Embryo_hypocotyl_28_DAF_rep_2,BoBC_0813g00001.01V4,1.01e-06
canola_original_v2,"Embryo_hypocotyl,_18_DAF_rep_1 ",BoBC_0813g00001.01V5,1.34e-06
canola_original_v2,"Embryo_hypocotyl,_18_DAF_rep_2",BoBC_0813g00001.01V5,4.7e-07
canola_original_v2,Embryo_hypocotyl_24_DAF_rep_2,BoBC_0813g00001.01V5,1.21e-06
canola_original_v2,Embryo_hypocotyl_28_DAF_rep_1 ,BoBC_0813g00001.01V5,7.4e-07
canola_original_v2,Embryo_hypocotyl_28_DAF_rep_2,BoBC_0813g00001.01V5,9.92e-07
canola_seed,gCPT1,BnaA01g00010D,361.487
canola_seed,gCPT2,BnaA01g00010D,217.314
canola_seed,gCPT3,BnaA01g00010D,238.832
canola_seed,gCZE1,BnaA01g00010D,185.029
canola_seed,gCZE2,BnaA01g00010D,261.749
cassava_atlas,FEC_RepA,Manes.01G000031.v8.1,2025.05
cassava_atlas,FEC_RepB,Manes.01G000031.v8.1,1625.33
cassava_atlas,FEC_RepC,Manes.01G000031.v8.1,1633.46
cassava_atlas,fibrousRoot_RepA,Manes.01G000031.v8.1,1167.42
cassava_atlas,fibrousRoot_RepB,Manes.01G000031.v8.1,1305.49
cassava_cbb,Med_CTRL,Manes.01G000031.v8.1,1362.43
cassava_cbb,mock_24hpi_RepA,Manes.01G000031.v8.1,1272.96
cassava_cbb,mock_24hpi_RepB,Manes.01G000031.v8.1,1282.12
cassava_cbb,mock_24hpi_RepC,Manes.01G000031.v8.1,1370.11
cassava_cbb,mock_50hpi_RepA,Manes.01G000031.v8.1,1179.86
cassava_eacmv,eacmv_3dpi_leaf_Rep1,Manes.01G000031.v8.1,946.523
cassava_eacmv,eacmv_3dpi_leaf_Rep2,Manes.01G000031.v8.1,841.915
cassava_eacmv,eacmv_3dpi_leaf_Rep3,Manes.01G000031.v8.1,978.192
cassava_eacmv,eacmv_3dpi_oes_Rep1,Manes.01G000031.v8.1,1033.03
cassava_eacmv,eacmv_3dpi_oes_Rep2,Manes.01G000031.v8.1,1025.12
circadian_mutants,Med_CTRL,AT1G01010,0.141336
circadian_mutants,ZT1_lhycca1_1,AT1G01010,0.447211
circadian_mutants,ZT1_lhycca1_2,AT1G01010,0.0
circadian_mutants,ZT1_lhycca1_3,AT1G01010,0.0872348
circadian_mutants,ZT1_lhycca1_4,AT1G01010,0.0
cuscuta,FL13,Cc000001.t1,2.04937
cuscuta,FL14,Cc000001.t1,4.14026
cuscuta,FL15,Cc000001.t1,2.39245
cuscuta,Med_CTRL,Cc000001.t1,3.38487
cuscuta,NI1,Cc000001.t1,2.44945
cuscuta_early_haustoriogenesis,FR_ATT1,Cc000003,0.0
cuscuta_early_haustoriogenesis,FR_ATT2,Cc000003,0.0
cuscuta_early_haustoriogenesis,FR_ATT3,Cc000003,0.0
cuscuta_early_haustoriogenesis,FR_niS1,Cc000003,0.0
cuscuta_early_haustoriogenesis,FR_niS2,Cc000003,0.0
cuscuta_lmd,EH_A,Cc000003,0.0
cuscuta_lmd,EH_B,Cc000003,0.0
cuscuta_lmd,EH_C,Cc000003,0.0
cuscuta_lmd,EH_D,Cc000003,0.0
cuscuta_lmd,Hy_A,Cc000003,0.0
dna_damage,col-0_rep1_12hr_minus_Y,AT1G01010,59.0
dna_damage,col-0_rep1_12hr_plus_Y,AT1G01010,175.0
dna_damage,col-0_rep1_20min_minus_Y,AT1G01010,73.0
dna_damage,col-0_rep1_20min_plus_Y,AT1G01010,191.0
dna_damage,col-0_rep1_24hr_minus_Y,AT1G01010,122.0
durum_wheat_abiotic_stress,Control_root_24h_R1,TrturSVE1A02G00000010,0.0
durum_wheat_abiotic_stress,Control_root_24h_R2,TrturSVE1A02G00000010,0.0
durum_wheat_abiotic_stress,Control_root_24h_R3,TrturSVE1A02G00000010,0.0
durum_wheat_abiotic_stress,Control_root_4h_R1,TrturSVE1A02G00000010,0.0
durum_wheat_abiotic_stress,Control_root_4h_R2,TrturSVE1A02G00000010,0.0
durum_wheat_biotic_stress,Med_CTRL,TrturSVE1A02G00000010,0.0
durum_wheat_biotic_stress,Rachis_2D_Fusarium_graminearum_inoc_R1,TrturSVE1A02G00000010,0.0
durum_wheat_biotic_stress,Rachis_2D_Fusarium_graminearum_inoc_R2,TrturSVE1A02G00000010,0.0
durum_wheat_biotic_stress,Rachis_2D_Fusarium_graminearum_inoc_R3,TrturSVE1A02G00000010,0.0
durum_wheat_biotic_stress,Rachis_2D_Mock_R1,TrturSVE1A02G00000010,0.0
durum_wheat_development,11DPA_R1,TrturSVE1A02G00000010,0.48
durum_wheat_development,11DPA_R2,TrturSVE1A02G00000010,5.49
durum_wheat_development,11DPA_R3,TrturSVE1A02G00000010,0.31
durum_wheat_development,16DPA_R1,TrturSVE1A02G00000010,0.0
durum_wheat_development,16DPA_R2,TrturSVE1A02G00000010,0.13
embryo,bc_1,AT1G01010,0.14
embryo,bc_2,AT1G01010,0.31
embryo,bc_3,AT1G01010,0.34
embryo,eh_1,AT1G01010,1.56
embryo,eh_2,AT1G01010,1.54
eucalyptus,AdultLeaf_3yPlant_rep1,Eucgr.A00001,46.88
eucalyptus,AdultLeaf_3yPlant_rep2,Eucgr.A00001,17.16
eucalyptus,AdultLeaf_3yPlant_rep3,Eucgr.A00001,33.87
eucalyptus,AdultLeaf_SemiannualPlant_rep1,Eucgr.A00001,48.74
eucalyptus,AdultLeaf_SemiannualPlant_rep2,Eucgr.A00001,46.99
euphorbia,fruit_1,Ep_chr1_g00001,21.9672
euphorbia,fruit_2,Ep_chr1_g00001,38.593
euphorbia,fruit_3,Ep_chr1_g00001,38.3359
euphorbia,inflorescence_1,Ep_chr1_g00001,30.5394
euphorbia,inflorescence_2,Ep_chr1_g00001,36.1034
gc_drought,GC20d1,AT1G01010,2.04669
gc_drought,GC20d2,AT1G01010,2.36506
gc_drought,GC20d3,AT1G01010,3.69432
gc_drought,GC20d4,AT1G01010,2.70025
gc_drought,GC20w1,AT1G01010,2.80046
germination,0h_1,AT1G01010,2.79788
germination,0h_2,AT1G01010,2.82118
germination,0h_3,AT1G01010,2.59463
germination,12hSL_1,AT1G01010,1.46893
germination,12hSL_2,AT1G01010,1.71208
grape_developmental,GRAPE_CTRL,CHR10_GSVIVT00006725001_T01,27.3686
grape_developmental,GRAPE_FLESH_STRESS_CTRL,CHR10_GSVIVT00006725001_T01,33.0418
grape_developmental,GRAPE_PERICARP_STRESS_CTRL,CHR10_GSVIVT00006725001_T01,26.9792
grape_developmental,GRAPE_SKIN_STRESS_CTRL,CHR10_GSVIVT00006725001_T01,42.5302
grape_developmental,GSM881517,CHR10_GSVIVT00006725001_T01,29.9628
guard_cell,GSM1420938_ML1Y_1,244901_at,1364.16
guard_cell,GSM1420939_ML1Y_2,244901_at,2462.63
guard_cell,GSM1420940_ML1Y_3,244901_at,1701.72
guard_cell,GSM1420941_SSY_1,244901_at,3235.27
guard_cell,GSM1420942_SSY_2,244901_at,2652.51
gynoecium,Col-0_CMM_R1,AT1G01010,2.89106
gynoecium,Col-0_CMM_R2,AT1G01010,4.95342
gynoecium,Col-0_CMM_R3,AT1G01010,6.96395
gynoecium,Col-0_PC_R1,AT1G01010,2.96995
gynoecium,Col-0_PC_R2,AT1G01010,3.44446
heterodera_schachtii,48h_1,AT1G01010,1973.74
heterodera_schachtii,48h_1_1,AT1G01010,2484.08
heterodera_schachtii,48h_1_2,AT1G01010,2215.29
heterodera_schachtii,48h_1_3,AT1G01010,1979.89
heterodera_schachtii,48h_2,AT1G01010,2226.58
hnahal,GSM496071_d0,267521_at,2.12
hnahal,GSM496067_d0,267521_at,5.6
hnahal,GSM496067,267521_at,5.9
hnahal,GSM496084,267520_at,174.46
hnahal,GSM496084_d0,267520_at,121.03
human_body_map_2,adipose,1,3.74192
human_body_map_2,adrenal,1,6.41188
human_body_map_2,blood,1,5.59976
human_body_map_2,brain,1,2.97937
human_body_map_2,breast,1,1.36397
human_developmental,AVC_CTRL,1007_s_at,333.461
human_developmental,Biopsy_01,1007_s_at,244.807
human_developmental,Biopsy_02,1007_s_at,193.33
human_developmental,Biopsy_04,1007_s_at,235.754
human_developmental,Biopsy_06,1007_s_at,335.648
human_developmental_SpongeLab,GSM18865,205749_at,54.9934
human_developmental_SpongeLab,GSM18866,205749_at,30.8717
human_developmental_SpongeLab,GSM18867,205749_at,18.5291
human_developmental_SpongeLab,GSM18868,205749_at,44.9253
human_developmental_SpongeLab,GSM18869,205749_at,25.799
human_diseased,HP456_1,1007_s_at,1132.06
human_diseased,HP456_2,1007_s_at,1093.22
human_diseased,HP456_3,1007_s_at,1215.94
human_diseased,PB100_1,1007_s_at,1022.61
human_diseased,PB100_2,1007_s_at,859.387
kalanchoe,BL_Dawn_rep1,Kaladp0001s0001,7.7486
kalanchoe,BL_Dawn_rep2,Kaladp0001s0001,6.7663
kalanchoe,BL_Dawn_rep3,Kaladp0001s0001,6.4026
kalanchoe,BL_Dusk_rep1,Kaladp0001s0001,13.3814
kalanchoe,BL_Dusk_rep2,Kaladp0001s0001,15.7223
kalanchoe_time_course_analysis,Kd_LD_10h_1,Kaladp0001s0001,16.1285
kalanchoe_time_course_analysis,Kd_LD_10h_2,Kaladp0001s0001,14.8471
kalanchoe_time_course_analysis,Kd_LD_10h_3,Kaladp0001s0001,15.9814
kalanchoe_time_course_analysis,Kd_LD_12h_1,Kaladp0001s0001,13.6067
kalanchoe_time_course_analysis,Kd_LD_12h_2,Kaladp0001s0001,15.2101
klepikova,Med_CTRL,AT1G01010,1.32656
klepikova,SRR3581336,AT1G01010,1.80585
klepikova,SRR3581345,AT1G01010,0.889054
klepikova,SRR3581346,AT1G01010,0.441262
klepikova,SRR3581347,AT1G01010,4.78037
lateral_root_initiation,0h_1.cel,244901_at,27.7869
lateral_root_initiation,0h_2.cel,244901_at,15.1732
lateral_root_initiation,0h_3.CEL,244901_at,33.8468
lateral_root_initiation,2h_1.cel,244901_at,14.2145
lateral_root_initiation,2h_2.cel,244901_at,26.7717
light_series,AtGen_D-10_1-FS_REP1_ATH1,244901_at,18.4
light_series,AtGen_D-11_1-PS_REP1_ATH1,244901_at,16.9
light_series,AtGen_D-12_1-RS_REP1_ATH1,244901_at,18.3
light_series,AtGen_D-13_1-BS_REP1_ATH1,244901_at,16.4
light_series,AtGen_D-14_1-AS_REP1_ATH1,244901_at,25.8
lipid_map,IN1_1,Acyl diacylglyceryl glucuronides,0.176
lipid_map,IN1_2,Acyl diacylglyceryl glucuronides,0.196
lipid_map,IN1_3,Acyl diacylglyceryl glucuronides,0.206
lipid_map,IN1_4,Acyl diacylglyceryl glucuronides,0.214
lipid_map,IN1_5,Acyl diacylglyceryl glucuronides,0.314
little_millet,CM1,TRINITY_DN0_c0_g1_i15,8.542
little_millet,CM2,TRINITY_DN0_c0_g1_i15,10.325
little_millet,CM3,TRINITY_DN0_c0_g1_i15,5.936
little_millet,GS1,TRINITY_DN0_c0_g1_i15,6.543
little_millet,GS2,TRINITY_DN0_c0_g1_i15,7.691
lupin_lcm_leaf,Leaf_epidermis_1,,0.0
lupin_lcm_leaf,Leaf_epidermis_1,Luan_Oskar_M100_110662,0.0
lupin_lcm_leaf,Leaf_epidermis_2,Luan_Oskar_M100_110662,15.038
lupin_lcm_leaf,Leaf_mesophyll_1,Luan_Oskar_M100_110662,0.0
lupin_lcm_leaf,Leaf_mesophyll_2,Luan_Oskar_M100_110662,30.022
lupin_lcm_pod,Pod_bundle_sheath_1,,0.0
lupin_lcm_pod,Med_CTRL,Luan_Oskar_M100_110662,0.6845
lupin_lcm_pod,Pod_bundle_sheath_1,Luan_Oskar_M100_110662,0.0
lupin_lcm_pod,Pod_bundle_sheath_2,Luan_Oskar_M100_110662,180.732
lupin_lcm_pod,Pod_endocarp_1,Luan_Oskar_M100_110662,0.876
lupin_lcm_stem,Stem_epidermis_1,,0.0
lupin_lcm_stem,Med_CTRL,Luan_Oskar_M100_110662,0.0
lupin_lcm_stem,Stem_epidermis_1,Luan_Oskar_M100_110662,112.789
lupin_lcm_stem,Stem_parenchyma_1,Luan_Oskar_M100_110662,0.0
lupin_lcm_stem,Stem_parenchyma_2,Luan_Oskar_M100_110662,0.0
lupin_pod_seed,Pod10DAA_1,,0.134
lupin_pod_seed,Med_CTRL,Luan_Oskar_M100_110662,159.562
lupin_pod_seed,Pod10DAA_1,Luan_Oskar_M100_110662,228.342
lupin_pod_seed,Pod10DAA_2,Luan_Oskar_M100_110662,165.4
lupin_pod_seed,Pod10DAA_3,Luan_Oskar_M100_110662,977.873
lupin_whole_plant,Big_pod,,0.465
lupin_whole_plant,Big_pod,Luan_Oskar_M100_110662,0.0
lupin_whole_plant,Big_seed,Luan_Oskar_M100_110662,1.782
lupin_whole_plant,Flowers,Luan_Oskar_M100_110662,0.0
lupin_whole_plant,Leaves,Luan_Oskar_M100_110662,0.0
maize_RMA_linear,10DAP_Whole Seed_R1,AC148152.3_FGT005,49.233
maize_RMA_linear,10DAP_Whole Seed_R2,AC148152.3_FGT005,83.113
maize_RMA_linear,10DAP_Whole Seed_R3,AC148152.3_FGT005,77.6421
maize_RMA_linear,12DAP_Endosperm_R1,AC148152.3_FGT005,79.9415
maize_RMA_linear,12DAP_Endosperm_R2,AC148152.3_FGT005,65.2896
maize_RMA_log,10DAP_Whole Seed_R1,AC148152.3_FGT005,5.62155
maize_RMA_log,10DAP_Whole Seed_R2,AC148152.3_FGT005,6.377
maize_RMA_log,10DAP_Whole Seed_R3,AC148152.3_FGT005,6.27877
maize_RMA_log,12DAP_Endosperm_R1,AC148152.3_FGT005,6.32087
maize_RMA_log,12DAP_Endosperm_R2,AC148152.3_FGT005,6.02878
maize_atlas,Anthers_R1,AC147602.5_FG004,298.18
maize_atlas,Base_Stage2_Leaf_V5,AC147602.5_FG004,202.15
maize_atlas,Base_Stage2_Leaf_V7,AC147602.5_FG004,5.58
maize_atlas,Brace_Roots_Node6_V13,AC147602.5_FG004,38.31
maize_atlas,Coleoptile_GH_6DAS,AC147602.5_FG004,0.0
maize_atlas_v5,Med_CTRL,Zm00001eb000010,1.73854
maize_atlas_v5,PP_10__6_POL_INT_R2,Zm00001eb000010,3.76351
maize_atlas_v5,PP_10__6_POL_INT_R2,Zm00001eb000010,4.10669
maize_atlas_v5,PP_17__12_POL_INT_R1,Zm00001eb000010,1.88944
maize_atlas_v5,PP_18__12_POL_INT_R2,Zm00001eb000010,2.49251
maize_buell_lab,alb_24h_R2,Zm00001d000001,10.1153
maize_buell_lab,alb_24h_R3,Zm00001d000001,42.3862
maize_buell_lab,alb_48h_R2,Zm00001d000001,7.72614
maize_buell_lab,alb_48h_R3,Zm00001d000001,22.6831
maize_buell_lab,alb_ctrl_R1,Zm00001d000001,0.875204
maize_early_seed,Med_CTRL,GRMZM5G800096,0.0
maize_early_seed,NU0,GRMZM5G800096,0.0
maize_early_seed,NU102,GRMZM5G800096,0.0
maize_early_seed,NU108,GRMZM5G800096,0.0
maize_early_seed,NU114,GRMZM5G800096,0.0
maize_ears,1mm_ear,AC147602.5_FG004,0.0
maize_ears,2mm_ear,AC147602.5_FG004,0.132756
maize_ears,ear_base,AC147602.5_FG004,0.135576
maize_ears,ear_mid,AC147602.5_FG004,0.118092
maize_ears,ear_tip,AC147602.5_FG004,0.0
maize_embryonic_leaf_development,mGM_JW05,,6.99004
maize_embryonic_leaf_development,1_M_IZ09,Zm00001d000001,115.019
maize_embryonic_leaf_development,1_M_IZ14,Zm00001d000001,85.3838
maize_embryonic_leaf_development,1_M_JX01,Zm00001d000001,84.3565
maize_embryonic_leaf_development,2_M_IZ10,Zm00001d000001,56.2612
maize_enzyme,+1,Alanine aminotransferase,935.8
maize_enzyme,+10,Alanine aminotransferase,3748.2
maize_enzyme,+11,Alanine aminotransferase,3134.6
maize_enzyme,+2,Alanine aminotransferase,1093.5
maize_enzyme,+3,Alanine aminotransferase,1259.0
maize_gdowns,10DAP_embryo_1,AB001385_at,1247.05
maize_gdowns,10DAP_embryo_2,AB001385_at,1376.09
maize_gdowns,10DAP_embryo_3,AB001385_at,1405.11
maize_gdowns,10DAP_endosperm_1,AB001385_at,1863.15
maize_gdowns,10DAP_endosperm_2,AB001385_at,1685.2
maize_iplant,Base,AC147602.5_FG002,11.07
maize_iplant,ear_base,AC147602.5_FG002,185.112
maize_iplant,ear_mid,AC147602.5_FG002,136.752
maize_iplant,ear_tip,AC147602.5_FG002,110.019
maize_iplant,Ligule+4,AC147602.5_FG002,0.12
maize_kernel_v5,AS_1,Zm00001eb000010,1.60729
maize_kernel_v5,AS_2,Zm00001eb000010,1.83577
maize_kernel_v5,AS_4,Zm00001eb000010,1.70272
maize_kernel_v5,EAS_1,Zm00001eb000010,0.837913
maize_kernel_v5,EAS_2,Zm00001eb000010,0.969449
maize_leaf_gradient,M1,AC147602.5_FG004,145.44
maize_leaf_gradient,M10,AC147602.5_FG004,2394.56
maize_leaf_gradient,M11,AC147602.5_FG004,2114.49
maize_leaf_gradient,M12,AC147602.5_FG004,2053.38
maize_leaf_gradient,M13,AC147602.5_FG004,1862.81
maize_lipid_map,D11B110B,Acylcarnitine_12_1,0.000971898
maize_lipid_map,D11B110C,Acylcarnitine_12_1,0.00143115
maize_lipid_map,D11B110T,Acylcarnitine_12_1,0.00883198
maize_lipid_map,D11B112B,Acylcarnitine_12_1,0.00146907
maize_lipid_map,D11B112C,Acylcarnitine_12_1,0.0022746
maize_metabolite,+1,2-Oxoglutarate,147.8
maize_metabolite,+10,2-Oxoglutarate,571.8
maize_metabolite,+11,2-Oxoglutarate,585.7
maize_metabolite,+2,2-Oxoglutarate,204.1
maize_metabolite,+3,2-Oxoglutarate,240.6
maize_nitrogen_use_efficiency,Med_CTRL,Zm00001eb000010,4.58055
maize_nitrogen_use_efficiency,root-0,Zm00001eb000010,2.24837
maize_nitrogen_use_efficiency,root-1d,Zm00001eb000010,1.38243
maize_nitrogen_use_efficiency,root-1d30m,Zm00001eb000010,2.87404
maize_nitrogen_use_efficiency,root-2d,Zm00001eb000010,2.33317
maize_rice_comparison,M1,GRMZM2G000014,1.86529
maize_rice_comparison,M10,GRMZM2G000014,0.489117
maize_rice_comparison,M11,GRMZM2G000014,0.361873
maize_rice_comparison,M12,GRMZM2G000014,0.61885
maize_rice_comparison,M13,GRMZM2G000014,0.700907
maize_root,24h_-0.2_MPa_(mild_stress):_mean_RPKM,AC147602.5_FG004,0.0
maize_root,24h_-0.8_MPa_(severe_stress):_mean_RPKM,AC147602.5_FG004,0.0
maize_root,24h_control:_mean_RPKM,AC147602.5_FG004,0.0
maize_root,6h_-0.2_MPa_(mild_stress):_mean_RPKM,AC147602.5_FG004,0.0
maize_root,6h_-0.8_MPa_(severe_stress):_mean_RPKM,AC147602.5_FG004,0.0
maize_stress_v5,alb_24h_R1a,Zm00001eb000010,4.661
maize_stress_v5,alb_24h_R1b,Zm00001eb000010,4.4842
maize_stress_v5,alb_24h_R1c,Zm00001eb000010,4.69601
maize_stress_v5,alb_24h_R2a,Zm00001eb000010,4.49893
maize_stress_v5,alb_24h_R2b,Zm00001eb000010,5.54797
mangosteen_aril_vs_rind,A_1,,0.0
mangosteen_aril_vs_rind,A_1,DN1,22.8974
mangosteen_aril_vs_rind,A_2,DN1,20.6821
mangosteen_aril_vs_rind,A_3,DN1,20.383
mangosteen_aril_vs_rind,A_5,DN1,22.8021
mangosteen_callus,NE,,0.035038
mangosteen_callus,Med_CTRL,DN1,73.5906
mangosteen_callus,NE,DN1,85.1757
mangosteen_callus,SM,DN1,62.0056
mangosteen_callus,Med_CTRL,DN10,0.0
mangosteen_diseased_vs_normal,ANC_1,,0.0
mangosteen_diseased_vs_normal,ANC_1,DN1,8.91992
mangosteen_diseased_vs_normal,ANC_2,DN1,24.4761
mangosteen_diseased_vs_normal,ANC_3,DN1,26.8877
mangosteen_diseased_vs_normal,ANT_1,DN1,22.4909
mangosteen_fruit_ripening,GmS0_1,,0.0
mangosteen_fruit_ripening,GmS0_1,DN1,40.0399
mangosteen_fruit_ripening,GmS0_2,DN1,55.8714
mangosteen_fruit_ripening,GmS2_1,DN1,67.9213
mangosteen_fruit_ripening,GmS2_2,DN1,76.4744
mangosteen_seed_development,GmW8_1,,0.0
mangosteen_seed_development,GmW10_1,DN1,51.1242
mangosteen_seed_development,GmW10_2,DN1,46.6618
mangosteen_seed_development,GmW12_1,DN1,37.3353
mangosteen_seed_development,GmW12_2,DN1,61.7043
mangosteen_seed_development_germination,GmW8_1,,0.0
mangosteen_seed_development_germination,GmW10_1,DN1,51.1242
mangosteen_seed_development_germination,GmW10_2,DN1,46.6618
mangosteen_seed_development_germination,GmW12_1,DN1,37.3353
mangosteen_seed_development_germination,GmW12_2,DN1,61.7043
mangosteen_seed_germination,GSS0,,0.516318
mangosteen_seed_germination,GSS0,DN1,64.6015
mangosteen_seed_germination,GSS3,DN1,59.0726
mangosteen_seed_germination,GSS5,DN1,57.8563
mangosteen_seed_germination,GSS7,DN1,61.3823
marchantia_organ_stress,A3_1,Mp1g00010.1,1.09887
marchantia_organ_stress,A3_2,Mp1g00010.1,1.15995
marchantia_organ_stress,A3_3,Mp1g00010.1,1.04164
marchantia_organ_stress,A4_1,Mp1g00010.1,0.837115
marchantia_organ_stress,A4_2,Mp1g00010.1,0.401938
medicago_mas,Flower_rep1,AFFX-BioB-3_at,352.51
medicago_mas,Flower_rep2,AFFX-BioB-3_at,372.68
medicago_mas,Flower_rep3,AFFX-BioB-3_at,276.99
medicago_mas,Leaf_rep1,AFFX-BioB-3_at,596.95
medicago_mas,Leaf_rep2,AFFX-BioB-3_at,709.51
medicago_rma,Flower_rep1,AFFX-BioB-3_at,6.96
medicago_rma,Flower_rep2,AFFX-BioB-3_at,7.07
medicago_rma,Flower_rep3,AFFX-BioB-3_at,6.71
medicago_rma,Leaf_rep1,AFFX-BioB-3_at,8.2
medicago_rma,Leaf_rep2,AFFX-BioB-3_at,8.55
medicago_root,JFED0,Medtr0001s0010,0.0
medicago_root,JFED0B,Medtr0001s0010,0.0
medicago_root,JFED0C,Medtr0001s0010,0.0
medicago_root,JFED12,Medtr0001s0010,0.0
medicago_root,JFED12B,Medtr0001s0010,0.0
medicago_root_v5,JFED0,04121563-5c50-409f-8bee-6ac6a5a3eef2,0.127333
medicago_root_v5,JFED0B,04121563-5c50-409f-8bee-6ac6a5a3eef2,0.0
medicago_root_v5,JFED0C,04121563-5c50-409f-8bee-6ac6a5a3eef2,0.250434
medicago_root_v5,JFED12,04121563-5c50-409f-8bee-6ac6a5a3eef2,0.00248897
medicago_root_v5,JFED12B,04121563-5c50-409f-8bee-6ac6a5a3eef2,0.126153
medicago_seed,11_DAP_20C,Medtr_v1_000001,4.099
medicago_seed,11_DAP_26C,Medtr_v1_000001,2.931
medicago_seed,12_DAP_OS,Medtr_v1_000001,3.473
medicago_seed,14_DAP_20C,Medtr_v1_000001,3.919
medicago_seed,14_DAP_26C,Medtr_v1_000001,3.417
meristem_db,0d_rep1,244901_at,12.219
meristem_db,0d_rep2,244901_at,8.57582
meristem_db,10d_CIM_rep1,244901_at,12.2602
meristem_db,10d_CIM_rep2,244901_at,11.7313
meristem_db,10d_RIM_rep1,244901_at,20.3167
meristem_db_new,GSM496071_d0,267521_at,2.12
meristem_db_new,GSM496067_d0,267521_at,5.6
meristem_db_new,GSM496067,267521_at,5.9
meristem_db_new,GSM496084,267520_at,174.46
meristem_db_new,GSM496084_d0,267520_at,121.03
mouse_db,Adrenal,XM_121978.1,0.149213
mouse_db,Aorta,XM_121978.1,0.258981
mouse_db,Bladder,XM_121978.1,0.0
mouse_db,Bone Marrow,XM_121978.1,0.0
mouse_db,Brain,XM_121978.1,0.854896
oat,Caryopsis_CLINTLAND60_C,AVESA.00008a.r1.6CG04912530,0.0
oat,Caryopsis_CLINTLAND60_D,AVESA.00008a.r1.1DG00871530,0.0
oat,Caryopsis_LONGIGLUMIS_A,AVLON.23000a.r2.1AG00370610,0.195754
oat,Embryo_CLINTLAND60_C,AVESA.00008a.r1.6CG04912530,0.0
oat,Embryo_CLINTLAND60_D,AVESA.00008a.r1.1DG00871530,0.0
phelipanche,Early_Established_Parasite,OrAeBC5_1.1,111.03
phelipanche,Germinated_Seed,OrAeBC5_1.1,4.83
phelipanche,Haustoria_Attached,OrAeBC5_1.1,1269.7
phelipanche,Med_CTRL,OrAeBC5_1.1,22.935
phelipanche,Pre-Emergence_from_Soil_Roots,OrAeBC5_1.1,15.25
physcomitrella_db,Archegonia,Pp1s10008_1V6.1,16.93
physcomitrella_db,Caulonema,Pp1s10008_1V6.1,14.37
physcomitrella_db,Chloronema,Pp1s10008_1V6.1,17.17
physcomitrella_db,Gametophore,Pp1s10008_1V6.1,14.26
physcomitrella_db,Med_CTRL,Pp1s10008_1V6.1,16.93
poplar,bot0879,AFFX-BioB-3_at,880.4
poplar,bot0880,AFFX-BioB-3_at,823.1
poplar,bot0881,AFFX-BioB-3_at,642.8
poplar,bot0882,AFFX-BioB-3_at,583.0
poplar,bot0883,AFFX-BioB-3_at,623.1
poplar_hormone,ABA_rep1,Potri.001G000200,0.0
poplar_hormone,ABA_rep2,Potri.001G000200,0.0
poplar_hormone,ABA_rep3,Potri.001G000200,0.0
poplar_hormone,ACC_rep1,Potri.001G000200,0.049
poplar_hormone,ACC_rep2,Potri.001G000200,0.0
poplar_leaf,ALAA203,Potri.001G000100,0.0
poplar_leaf,ALAA204,Potri.001G000100,0.0
poplar_leaf,BELA183,Potri.001G000100,0.0
poplar_leaf,BELA184,Potri.001G000100,0.0
poplar_leaf,BELC181,Potri.001G000100,0.0
poplar_xylem,ALAA203,Potri.001G000100,0.0
poplar_xylem,ALAA204,Potri.001G000100,0.0
poplar_xylem,BELA183,Potri.001G000100,0.0
poplar_xylem,BELA184,Potri.001G000100,0.0
poplar_xylem,BELC181,Potri.001G000100,0.0
potato_dev,BV_L,PGSC0003DMG400000001,22.5473
potato_dev,BV_N,PGSC0003DMG400000001,9.95156
potato_dev,BV_O,PGSC0003DMG400000001,10.4795
potato_dev,BV_P_P,PGSC0003DMG400000001,6.14151
potato_dev,BV_P_R,PGSC0003DMG400000001,15.0315
potato_stress,BV_A,PGSC0003DMG400000001,13.3014
potato_stress,BV_B,PGSC0003DMG400000001,13.0195
potato_stress,BV_D,PGSC0003DMG400000001,11.2143
potato_stress,BV_H,PGSC0003DMG400000001,14.328
potato_stress,BV_K,PGSC0003DMG400000001,6.29869
potato_wounding,ATL14DR1,EPlSTUG00000000001,0.0
potato_wounding,ATL14DR2,EPlSTUG00000000001,0.0
potato_wounding,ATL14DR3,EPlSTUG00000000001,0.0
potato_wounding,ATL14DR4,EPlSTUG00000000001,0.0
potato_wounding,ATL14DR5,EPlSTUG00000000001,0.0
rice_abiotic_stress_sc_pseudobulk,Med_CTRL,Os01g0100100,0.382206
rice_abiotic_stress_sc_pseudobulk,MildDr_Bundle_Sheath,Os01g0100100,0.331282
rice_abiotic_stress_sc_pseudobulk,MildDr_Epidermal_Precursor,Os01g0100100,0.373842
rice_abiotic_stress_sc_pseudobulk,MildDr_Epidermis,Os01g0100100,0.394066
rice_abiotic_stress_sc_pseudobulk,MildDr_Fibre,Os01g0100100,0.260143
rice_drought_heat_stress,D30_s2_r1,ChrSy.fgenesh.gene.1,0.0
rice_drought_heat_stress,D30_s2_r2,ChrSy.fgenesh.gene.1,0.0
rice_drought_heat_stress,D30_s2_r3,ChrSy.fgenesh.gene.1,0.0
rice_drought_heat_stress,D30_s2_r4,ChrSy.fgenesh.gene.1,0.0
rice_drought_heat_stress,D30_s3_r1,ChrSy.fgenesh.gene.1,0.0
rice_leaf_gradient,R1,LOC_Os01g01010,5.4958
rice_leaf_gradient,R10,LOC_Os01g01010,3.62759
rice_leaf_gradient,R11,LOC_Os01g01010,4.55133
rice_leaf_gradient,R2,LOC_Os01g01010,3.83498
rice_leaf_gradient,R3,LOC_Os01g01010,4.39546
rice_maize_comparison,M1,LOC_Os01g01010,1.48764
rice_maize_comparison,M10,LOC_Os01g01010,0.293176
rice_maize_comparison,M11,LOC_Os01g01010,0.0667403
rice_maize_comparison,M12,LOC_Os01g01010,0.0869597
rice_maize_comparison,M13,LOC_Os01g01010,0.129269
rice_mas,5d-seed_Rep1,AFFX-BioB-3_at,359.095
rice_mas,Aerobic_coleoptile_Rep1,AFFX-BioB-3_at,790.004
rice_mas,Aerobic_coleoptile_Rep2,AFFX-BioB-3_at,639.926
rice_mas,Anoxic_coleoptile_Rep1,AFFX-BioB-3_at,598.097
rice_mas,Anoxic_coleoptile_Rep2,AFFX-BioB-3_at,781.984
rice_metabolite,R1,Alanine ,779.947
rice_metabolite,R10,Alanine ,1933.91
rice_metabolite,R11,Alanine ,1401.81
rice_metabolite,R2,Alanine ,670.278
rice_metabolite,R3,Alanine ,663.403
rice_rma,5d-seed_Rep1,AFFX-BioB-3_at,7.12377
rice_rma,Aerobic_coleoptile_Rep1,AFFX-BioB-3_at,6.47555
rice_rma,Aerobic_coleoptile_Rep2,AFFX-BioB-3_at,6.26539
rice_rma,Anoxic_coleoptile_Rep1,AFFX-BioB-3_at,6.21523
rice_rma,Anoxic_coleoptile_Rep2,AFFX-BioB-3_at,6.30001
rice_root,EN_1,Os01g0100100,3.67927
rice_root,EN_2,Os01g0100100,6.40071
rice_root,EN_3,Os01g0100100,2.54479
rice_root,MCO_1A,Os01g0100100,2.75061
rice_root,MCO_1B,Os01g0100100,3.72161
rohan,ATGE_1_A,AFFX-r2-P1-cre-5_at,2602.55
rohan,ATGE_1_A,AFFX-r2-P1-cre-3_at,3072.5
rohan,ATGE_1_A,AFFX-r2-Ec-bioD-5_at,432.7
rohan,ATGE_1_A,AFFX-r2-Ec-bioD-3_at,612.55
rohan,ATGE_1_A,AFFX-r2-Ec-bioC-5_at,158.75
root,col_1,244901_at,24.287
root,col_2,244901_at,50.854
root,cortex_10,244901_at,24.254
root,cortex_11,244901_at,31.633
root,cortex_12,244901_at,44.58
root_Schaefer_lab,Med_CTRL,AT1G01010,31.8295
root_Schaefer_lab,WTCHG_125416_01,AT1G01010,92.3143
root_Schaefer_lab,WTCHG_125416_03,AT1G01010,11.2616
root_Schaefer_lab,WTCHG_125416_05,AT1G01010,85.2626
root_Schaefer_lab,WTCHG_129187_01,AT1G01010,28.1897
rpatel,ATGE_1_A,AFFX-r2-P1-cre-5_at,2602.55
rpatel,ATGE_1_A,AFFX-r2-P1-cre-3_at,3072.5
rpatel,ATGE_1_A,AFFX-r2-Ec-bioD-5_at,432.7
rpatel,ATGE_1_A,AFFX-r2-Ec-bioD-3_at,612.55
rpatel,ATGE_1_A,AFFX-r2-Ec-bioC-5_at,158.75
seed_db,12hr_rep1,244901_at,34.3707
seed_db,12hr_rep2,244901_at,36.5553
seed_db,24hr_rep1,244901_at,9.12235
seed_db,24hr_rep2,244901_at,18.9093
seed_db,6hr_rep1,244901_at,72.7835
seedcoat,ap2-11-1,3xSSC,19.6965
seedcoat,ap2-11-1,3xSSC,22.6559
seedcoat,ap2-11-1,3xSSC,26.4549
seedcoat,ap2-11-1,3xSSC,31.6017
seedcoat,ap2-11-1,3xSSC,31.6039
selaginella,Aerial-parts_37C_1h1,Smo100003,686.249
selaginella,Aerial-parts_37C_1h2,Smo100003,677.791
selaginella,Aerial-parts_37C_3h1,Smo100003,627.229
selaginella,Aerial-parts_37C_3h2,Smo100003,668.969
selaginella,Aerial-parts_4C_1h1,Smo100003,673.525
shoot_apex,AS2,At1g01010,1.26495
shoot_apex,ATML1,At1g01010,1.53882
shoot_apex,AVG,At1g01010,1.81963
shoot_apex,CLV3,At1g01010,1.60532
shoot_apex,FIL,At1g01010,2.28992
silique,12_dap-1_ATCACG_L006_R1_001,AT1G01010,2.62347
silique,12_dap-2_ACAGTG_L006_R1_001,AT1G01010,2.99885
silique,12_dap-3_GGCTAC_L006_R1_001,AT1G01010,1.94977
silique,3_dap-1_AGTTCC_L006_R1_001,AT1G01010,2.05877
silique,3_dap-2_GAGTGG_L006_R1_001,AT1G01010,2.39011
single_cell,cluster0_WT1.ExprMean,AT1G01010,0.330615
single_cell,cluster0_WT2.ExprMean,AT1G01010,0.376952
single_cell,cluster0_WT3.ExprMean,AT1G01010,0.392354
single_cell,cluster10_WT1.ExprMean,AT1G01010,0.0399103
single_cell,cluster10_WT2.ExprMean,AT1G01010,0.0128781
sorghum_atlas_w_BS_cells,bundle_sheath,Sobic.001G000100,0.0
sorghum_atlas_w_BS_cells,flag_leaf,Sobic.001G000100,0.0
sorghum_atlas_w_BS_cells,inflorescence,Sobic.001G000100,0.2
sorghum_atlas_w_BS_cells,leaf_mesophyll,Sobic.001G000100,0.0
sorghum_atlas_w_BS_cells,Med_CTRL,Sobic.001G000100,0.0
sorghum_comparative_transcriptomics,anther,ENSRNA049436383,0.0
sorghum_comparative_transcriptomics,early_inflorescence,ENSRNA049436383,0.0
sorghum_comparative_transcriptomics,emerging_inflorescence,ENSRNA049436383,7.0
sorghum_comparative_transcriptomics,endosperm,ENSRNA049436383,0.0
sorghum_comparative_transcriptomics,leaf,ENSRNA049436383,0.0
sorghum_developmental,ig_fi_1,Sobic.001G000100,0.311365
sorghum_developmental,ig_fi_2,Sobic.001G000100,1.83857
sorghum_developmental,igu_fi_1,Sobic.001G000100,1.39462
sorghum_developmental,igu_fi_2,Sobic.001G000100,1.04477
sorghum_developmental,igu_fi_3,Sobic.001G000100,1.90553
sorghum_developmental_2,Endosperm_20d,ENSRNA049436383,0.0
sorghum_developmental_2,Inflorescence_1_10mm,ENSRNA049436383,0.0
sorghum_developmental_2,Inflorescence_1_2cm,ENSRNA049436383,0.0
sorghum_developmental_2,Inflorescence_1_5_mm,ENSRNA049436383,0.0
sorghum_developmental_2,Leaf_SDS,ENSRNA049436383,0.0
sorghum_flowering_activation,Cont1_fq_TPM,Sobic.001G000100,0.0
sorghum_flowering_activation,Cont2_fq_TPM,Sobic.001G000100,0.0
sorghum_flowering_activation,Cont3_fq_TPM,Sobic.001G000100,0.0
sorghum_flowering_activation,Gh_1_fq_TPM,Sobic.001G000100,0.0
sorghum_flowering_activation,Gh_2_fq_TPM,Sobic.001G000100,0.0
sorghum_low_phosphorus,G3AHR-tpm,Sobic.001G000100,0.45869
sorghum_low_phosphorus,G3ALR-tpm,Sobic.001G000100,0.140354
sorghum_low_phosphorus,G3BHR-tpm,Sobic.001G000100,0.4018
sorghum_low_phosphorus,G3BLR-tpm,Sobic.001G000100,0.63064
sorghum_low_phosphorus,G3CHR2-tpm,Sobic.001G000100,0.0
sorghum_nitrogen_stress,Med_CTRL,Sobic.001G000100,1.04678
sorghum_nitrogen_stress,SRR1161660_TPM,Sobic.001G000100,0.660468
sorghum_nitrogen_stress,SRR1161661_TPM,Sobic.001G000100,1.2367
sorghum_nitrogen_stress,SRR1161662_TPM,Sobic.001G000100,0.0
sorghum_nitrogen_stress,SRR1161663_TPM,Sobic.001G000100,0.561939
sorghum_nitrogen_use_efficiency,1-LF-TPM,ENSRNA049436185,0.0
sorghum_nitrogen_use_efficiency,1-LR-TPM,ENSRNA049436185,0.0
sorghum_nitrogen_use_efficiency,1-PR-TPM,ENSRNA049436185,0.0
sorghum_nitrogen_use_efficiency,2-LF-TPM,ENSRNA049436185,0.0
sorghum_nitrogen_use_efficiency,2-LR-TPM,ENSRNA049436185,0.710968
sorghum_phosphate_stress,Med_CTRL,Sobic.001G000100.1,0.0
sorghum_phosphate_stress,Sb_IRM_HP_-_Sb-hp-R3_mRNA_TPM,Sobic.001G000100.1,2.75492
sorghum_phosphate_stress,Sb_IRM_HP_-_Sb-hp-R4_mRNA_TPM,Sobic.001G000100.1,0.0
sorghum_phosphate_stress,Sb_IRM_HP_-_Sb-hp-R6_mRNA_TPM,Sobic.001G000100.1,0.0
sorghum_phosphate_stress,Sb_IRM_LP_-_Sb-lp-R3_mRNA_TPM,Sobic.001G000100.1,0.0
sorghum_plasma,Med_CTRL,Sobic.001G000100,0.26985
sorghum_plasma,seed_dry_1,Sobic.001G000100,0.0
sorghum_plasma,seed_dry_2,Sobic.001G000100,0.0
sorghum_plasma,seed_dry_3,Sobic.001G000100,0.0
sorghum_plasma,seed_plasma_1,Sobic.001G000100,0.0343784
sorghum_saline_alkali_stress,Med_CTRL,Sobic.001G000100,0.0
sorghum_saline_alkali_stress,msq0_1_count_TPM,Sobic.001G000100,0.0
sorghum_saline_alkali_stress,msq0_2_count_TPM,Sobic.001G000100,0.0
sorghum_saline_alkali_stress,msq0_3_count_TPM,Sobic.001G000100,0.0
sorghum_saline_alkali_stress,msq3_1_count_TPM,Sobic.001G000100,0.0
sorghum_stress,Med_CTRL,Sobic.001G000100,0.323021
sorghum_stress,r_as_1,Sobic.001G000100,0.489907
sorghum_stress,r_as_2,Sobic.001G000100,0.462967
sorghum_stress,r_as_3,Sobic.001G000100,1.24251
sorghum_stress,r_cff_1,Sobic.001G000100,2.99805
sorghum_strigolactone_variation,Med_CTRL,Sobic.001G000100,0.250833
sorghum_strigolactone_variation,SQR_2_S_CTR_REP1_TPM,Sobic.001G000100,0.0
sorghum_strigolactone_variation,SQR_2_S_CTR_REP2_TPM,Sobic.001G000100,0.0
sorghum_strigolactone_variation,SQR_2_S_CTR_REP3_TPM,Sobic.001G000100,0.0
sorghum_strigolactone_variation,SQR_2_S_CTR_REP4_TPM,Sobic.001G000100,0.0
sorghum_sulfur_stress,Med_CTRL,Sobic.001G000100.1,0.201492
sorghum_sulfur_stress,S10_rep1_TPM,Sobic.001G000100.1,0.0884561
sorghum_sulfur_stress,S10_rep2_TPM,Sobic.001G000100.1,0.0764317
sorghum_sulfur_stress,S10_rep3_TPM,Sobic.001G000100.1,0.201852
sorghum_sulfur_stress,S500_rep1_TPM,Sobic.001G000100.1,0.201131
sorghum_temperature_stress,C1.RTX.T1.Cont1_TPM,Sobic.001G000100,0.0
sorghum_temperature_stress,C10.RTX.T9.Cont2_TPM,Sobic.001G000100,0.0
sorghum_temperature_stress,C11.RTX.T9.Cont3_TPM,Sobic.001G000100,0.0
sorghum_temperature_stress,C13.RTX.T15.Cont1_TPM,Sobic.001G000100,0.0
sorghum_temperature_stress,C14.RTX.T15.Cont2_TPM,Sobic.001G000100,0.0
sorghum_vascularization_and_internode,Med_CTRL,Sobic.001G000100,0.55
sorghum_vascularization_and_internode,nonvascular_system,Sobic.001G000100,0.1
sorghum_vascularization_and_internode,root,Sobic.001G000100,0.7
sorghum_vascularization_and_internode,shoot,Sobic.001G000100,0.0
sorghum_vascularization_and_internode,stem_internode_region_1,Sobic.001G000100,0.0
soybean,Flower,Glyma0021s00200,0.0
soybean,Green_Pods,Glyma0021s00200,0.0
soybean,Leaves,Glyma0021s00200,0.0
soybean,Nodule,Glyma0021s00200,0.0
soybean,Root,Glyma0021s00200,0.0
soybean_embryonic_development,embryo_axis_epidermis,Glyma0002s50,9.33
soybean_embryonic_development,embryo_axis_parenchyma,Glyma0002s50,5.67
soybean_embryonic_development,embryo_axis_plumule,Glyma0002s50,10.0
soybean_embryonic_development,embryo_axis_SAM,Glyma0002s50,12.67
soybean_embryonic_development,embryo_axis_stele,Glyma0002s50,6.33
soybean_heart_cotyledon_globular,cotyledon_embryo,Glyma0002s50,6.42
soybean_heart_cotyledon_globular,cotyledon_embryoaxis,Glyma0002s50,6.51
soybean_heart_cotyledon_globular,cotyledon_embryocotyledon,Glyma0002s50,8.31
soybean_heart_cotyledon_globular,cotyledon_endosperm,Glyma0002s50,7.71
soybean_heart_cotyledon_globular,cotyledon_seedcoatendothelium,Glyma0002s50,11.58
soybean_senescence,C_I-1,Glyma0002s50.1,26.869
soybean_senescence,C_I-2,Glyma0002s50.1,35.1527
soybean_senescence,C_I-3,Glyma0002s50.1,26.0919
soybean_senescence,C_II-1,Glyma0002s50.1,32.6521
soybean_senescence,C_II-2,Glyma0002s50.1,25.8569
soybean_severin,flower,Glyma0021s00400,0.0
soybean_severin,nodule,Glyma0021s00400,1.0
soybean_severin,one_cm_pod,Glyma0021s00400,0.0
soybean_severin,pod_shell_10DAF,Glyma0021s00400,0.0
soybean_severin,pod_shell_14DAF,Glyma0021s00400,0.0
spruce,bark,GQ0011_A02.1,87.8108
spruce,embryo,GQ0011_A02.1,24.7171
spruce,flush_bud,GQ0011_A02.1,145.99
spruce,mature_needle,GQ0011_A02.1,37.5602
spruce,Med_CTRL,GQ0011_A02.1,96.6999
strawberry,Anther_10_A,FvH4_1g00010,50.2484
strawberry,Anther_10_B,FvH4_1g00010,48.0548
strawberry,Anther_11_A,FvH4_1g00010,43.5259
strawberry,Anther_11_B,FvH4_1g00010,44.2096
strawberry,Anther_12_A,FvH4_1g00010,29.8169
striga,Early_Established_Parasite,StHeBC3_1.1,141.97
striga,Germinated_Seed,StHeBC3_1.1,102.22
striga,Haustoria_attached,StHeBC3_1.1,186.38
striga,Med_CTRL,StHeBC3_1.1,155.6
striga,Pre-emergence_Roots,StHeBC3_1.1,170.98
sugarcane_culms,HB.T1.R1,Sh_001C11_g000020,0.323052
sugarcane_culms,HB.T1.R2,Sh_001C11_g000020,0.0788564
sugarcane_culms,HB.T1.R3,Sh_001C11_g000020,0.283712
sugarcane_culms,HB.T2.R1,Sh_001C11_g000020,0.338163
sugarcane_culms,HB.T2.R2,Sh_001C11_g000020,0.248667
sugarcane_leaf,Med_CTRL,Sh_001C11_g000010,0.0
sugarcane_leaf,SRR1239363_DP1,Sh_001C11_g000010,0.0
sugarcane_leaf,SRR1239364_DP2,Sh_001C11_g000010,0.0
sugarcane_leaf,SRR1974519_DP3,Sh_001C11_g000010,0.0
sugarcane_leaf,SRR1979656_SC_138B,Sh_001C11_g000010,0.0
sunflower,Bract,Ha10_00000004,0.144
sunflower,Corolla,Ha10_00000004,0.0
sunflower,Leaves,Ha10_00000004,0.228
sunflower,Ligule,Ha10_00000004,0.129
sunflower,Med_CTRL,Ha10_00000004,0.1365
thellungiella_db,SC1,nXLOC_003010,20.8271
thellungiella_db,SC2,nXLOC_003010,55.46
thellungiella_db,SC3,nXLOC_003010,33.6151
thellungiella_db,THELLUNGIELLA_CTRL,nXLOC_003010,0.0
thellungiella_db,YC1,nXLOC_003010,0.0
tomato,Heinz_1cm_fruit,Solyc00g005000,0.0
tomato,Heinz_2cm_fruit,Solyc00g005000,0.0
tomato,Heinz_3cm_fruit,Solyc00g005000,0.09
tomato,Heinz_B,Solyc00g005000,0.0
tomato,Heinz_B10,Solyc00g005000,0.0
tomato_ils,CTRL_MED,Solyc00g005000.2,0.0
tomato_ils,IL1.1,Solyc00g005000.2,0.0
tomato_ils,IL1.1.2,Solyc00g005000.2,0.0
tomato_ils,IL1.1.3,Solyc00g005000.2,0.0
tomato_ils,IL1.2,Solyc00g005000.2,0.0
tomato_ils2,CTRL_MED,Solyc00g005000.2,29.0
tomato_ils2,IL1-1-2,Solyc00g005000.2,23.0
tomato_ils2,IL1-1-3,Solyc00g005000.2,29.0
tomato_ils2,IL1-1-4,Solyc00g005000.2,24.0
tomato_ils2,IL1-2,Solyc00g005000.2,15.0
tomato_ils3,IL1.1.2_B2,Solyc00g005000,17.0
tomato_ils3,IL1.1.2_B3,Solyc00g005000,15.0
tomato_ils3,IL1.1.2_B4,Solyc00g005000,36.0
tomato_ils3,IL1.1.2_B5,Solyc00g005000,23.0
tomato_ils3,IL1.1.3_B2,Solyc00g005000,23.0
tomato_meristem,Med_CTRL,Solyc00g005000,0.0
tomato_meristem,tf2_base_margin_1,Solyc00g005000,0.0
tomato_meristem,tf2_base_margin_2,Solyc00g005000,0.0
tomato_meristem,tf2_base_margin_3,Solyc00g005000,0.0
tomato_meristem,tf2_base_margin_4,Solyc00g005000,0.0
tomato_renormalized,Heinz_1cm_fruit,Solyc00g005000,0.0
tomato_renormalized,Heinz_2cm_fruit,Solyc00g005000,0.0
tomato_renormalized,Heinz_3cm_fruit,Solyc00g005000,0.09
tomato_renormalized,Heinz_B,Solyc00g005000,0.0
tomato_renormalized,Heinz_B10,Solyc00g005000,0.0
tomato_root,35S_1,Solyc00g005000,19.4928
tomato_root,35S_2,Solyc00g005000,25.5779
tomato_root,35S_3,Solyc00g005000,22.1068
tomato_root,35S_4,Solyc00g005000,29.775
tomato_root,AtPEP_1,Solyc00g005000,0.0
tomato_root_field_pot,AtPEP_AR_O,Solyc00g005000,41.7566
tomato_root_field_pot,AtPEP_AR_P,Solyc00g005000,5.76342
tomato_root_field_pot,AtPEP_AR_X,Solyc00g005000,334.304
tomato_root_field_pot,AtPEP_AR_Z,Solyc00g005000,83.8208
tomato_root_field_pot,AtPEP_LR_O,Solyc00g005000,47.1277
tomato_s_pennellii,CTRL_MED,Solyc00g005000.2,0.222118
tomato_s_pennellii,M82.DevelopingFruit,Solyc00g005000.2,0.46254
tomato_s_pennellii,M82.floral,Solyc00g005000.2,0.0
tomato_s_pennellii,M82.leaf,Solyc00g005000.2,0.118837
tomato_s_pennellii,M82.MatureFruit,Solyc00g005000.2,0.0
tomato_seed,15_S_1,Solyc00g005280.1,0.0
tomato_seed,15_S_2,Solyc00g005280.1,0.0
tomato_seed,15_S_3,Solyc00g005280.1,0.0
tomato_seed,21_S_1,Solyc00g005280.1,0.0
tomato_seed,21_S_2,Solyc00g005280.1,0.0
tomato_shade_mutants,Med_CTRL,Solyc00g006650,21.9049
tomato_shade_mutants,slpif8a_6h_C_FR_1,Solyc00g006650,23.3612
tomato_shade_mutants,slpif8a_6h_C_FR_2,Solyc00g006650,25.7354
tomato_shade_mutants,slpif8a_6h_C_FR_3,Solyc00g006650,17.6901
tomato_shade_mutants,slpif8a_6h_C_WL_1,Solyc00g006650,26.8901
tomato_shade_timecourse,Med_CTRL,Solyc00g006650,27.6602
tomato_shade_timecourse,WT_24h_C_FR_1,Solyc00g006650,111.855
tomato_shade_timecourse,WT_24h_C_FR_2,Solyc00g006650,66.4922
tomato_shade_timecourse,WT_24h_C_FR_3,Solyc00g006650,40.265
tomato_shade_timecourse,WT_24h_C_WL_1,Solyc00g006650,39.0471
tomato_trait,IL10-1,Average of absolute value of angle along entire root,16.2639
tomato_trait,IL10-1,Angle of straight line from last quarter to tip,8.75827
tomato_trait,IL10-1,Root length from top to tip,5.77921
tomato_trait,IL10-1,Root straight-line length from top to tip,5.50789
tomato_trait,IL10-1,Angle of straight line from last tenth to tip,9.20995
triphysaria,Early_Established_Parasite,TrVeBC3_1.1,120.62
triphysaria,Germinated_Seed,TrVeBC3_1.1,68.71
triphysaria,Haustoria_Attached,TrVeBC3_1.1,157.68
triphysaria,Med_CTRL,TrVeBC3_1.1,121.4
triphysaria,Reproductive_Structures,TrVeBC3_1.1,36.45
triticale,Anther_BCP1,AFFX-BioB-3_at,8.23792
triticale,Anther_BCP2,AFFX-BioB-3_at,8.21243
triticale,Anther_BCP3,AFFX-BioB-3_at,8.05466
triticale,Anther_TCP1,AFFX-BioB-3_at,8.21978
triticale,Anther_TCP2,AFFX-BioB-3_at,8.87883
triticale_mas,Anther_bicellular_pollen_1,AFFX-BioB-3_at,184.619
triticale_mas,Anther_bicellular_pollen_2,AFFX-BioB-3_at,206.654
triticale_mas,Anther_bicellular_pollen_3,AFFX-BioB-3_at,184.733
triticale_mas,Anther_tetrad_1,AFFX-BioB-3_at,135.814
triticale_mas,Anther_tetrad_2,AFFX-BioB-3_at,181.43
tung_tree,10 WAF-Mean,Vf00G0001,12.9272
tung_tree,15 WAF-Mean,Vf00G0001,16.2178
tung_tree,20 WAF-Mean,Vf00G0001,14.3131
tung_tree,25 WAF-Mean,Vf00G0001,5.84973
tung_tree,30 WAF-Mean,Vf00G0001,6.65206
wheat,Med_CTRL,TraesCS1A01G000100,2.1174
wheat,Sample_10,TraesCS1A01G000100,21.3908
wheat,Sample_100A,TraesCS1A01G000100,1.7833
wheat,Sample_101A,TraesCS1A01G000100,1.48723
wheat,Sample_102A,TraesCS1A01G000100,1.10182
wheat_abiotic_stress,C1,TraesCS1A02G000100.1,0.0
wheat_abiotic_stress,C2,TraesCS1A02G000100.1,0.0
wheat_abiotic_stress,C4,TraesCS1A02G000100.1,0.16
wheat_abiotic_stress,C8,TraesCS1A02G000100.1,0.17
wheat_abiotic_stress,D1,TraesCS1A02G000100.1,0.12
wheat_embryogenesis,AA-DV92_Leaf_early_embryo,TraesCS1A01G000100,0.0
wheat_embryogenesis,AA-DV92_Leaf_early_stage_seed_coat,TraesCS1A01G000100,0.0
wheat_embryogenesis,AA-DV92_Leaf_late_embryo,TraesCS1A01G000100,0.0
wheat_embryogenesis,AA-DV92_Leaf_late_stage_endosperm,TraesCS1A01G000100,0.0
wheat_embryogenesis,AA-DV92_Leaf_middle_embryo,TraesCS1A01G000100,0.0
wheat_meiosis,Anther_rep1,TraesCS1A02G000100.1,0.29
wheat_meiosis,Anther_rep2,TraesCS1A02G000100.1,0.18
wheat_meiosis,Anther_rep3,TraesCS1A02G000100.1,0.25
wheat_meiosis,Diplotene_rep1,TraesCS1A02G000100.1,0.16
wheat_meiosis,Diplotene_rep2,TraesCS1A02G000100.1,0.64
wheat_root,Certo_EZ1,TraesCS1A01G000100,0.296967
wheat_root,Certo_EZ2,TraesCS1A01G000100,0.121771
wheat_root,Certo_EZ3,TraesCS1A01G000100,0.285559
wheat_root,Certo_MZ1,TraesCS1A01G000100,0.494274
wheat_root,Certo_MZ2,TraesCS1A01G000100,0.322873
willow,LAVG_CTL,comp100001_c0_seq1,0.0
willow,LAVG_TREAT,comp100001_c0_seq1,0.0
willow,RAVG_CTL,comp100001_c0_seq1,16.25
willow,RAVG_TREAT,comp100001_c0_seq1,16.0
willow,SAVG_CTL,comp100001_c0_seq1,0.0
